BALANCE,BALANCE_FREQUENCY,PURCHASES,ONEOFF_PURCHASES,INSTALLMENTS_PURCHASES,CASH_ADVANCE,PURCHASES_FREQUENCY,ONEOFF_PURCHASES_FREQUENCY,PURCHASES_INSTALLMENTS_FREQUENCY,CASH_ADVANCE_FREQUENCY,CASH_ADVANCE_TRX,PURCHASES_TRX,CREDIT_LIMIT,PAYMENTS,MINIMUM_PAYMENTS,PRC_FULL_PAYMENT,TENURE
40.900749,0.818182,95.4,0,95.4,0,0.166667,0,0.083333,0,0,2,1000,201.802084,139.509787,0,12
3202.467416,0.909091,0,0,0,6442.945483,0,0,0,0.25,4,0,7000,4103.032597,1072.340217,0.222222,12
2495.148862,1,773.17,773.17,0,0,1,1,0,0,0,12,7500,622.066742,627.284787,0,12
1666.670542,0.636364,1499,1499,0,205.788017,0.083333,0.083333,0,0.083333,1,1,7500,0,,0,12
817.714335,1,16,16,0,0,0.083333,0.083333,0,0,0,1,1200,678.334763,244.791237,0,12
1809.828751,1,1333.28,0,1333.28,0,0.666667,0,0.583333,0,0,8,1800,1400.05777,2407.246035,0,12
627.260806,1,7091.01,6402.63,688.38,0,1,1,1,0,0,64,13500,6354.314328,198.065894,1,12
1823.652743,1,436.2,0,436.2,0,1,0,1,0,0,12,2300,679.065082,532.03399,0,12
1014.926473,1,861.49,661.49,200,0,0.333333,0.083333,0.25,0,0,5,7000,688.278568,311.963409,0,12
152.225975,0.545455,1281.6,1281.6,0,0,0.166667,0.166667,0,0,0,3,11000,1164.770591,100.302262,0,12
1167.045536,1,294.13,65,229.13,0,0.916667,0.083333,0.833333,0,0,12,1500,686.376349,266.50397,0,12
3063.017462,1,0,0,0,3550.209696,0,0,0,0.166667,3,0,5500,757.537513,891.059927,0,12
1546.216153,0.833333,0,0,0,2196.107878,0,0,0,0.166667,5,0,3000,247.706733,310.58347,0,6
999.392635,1,0,0,0,2368.248319,0,0,0,0.333333,10,0,1500,1724.178215,301.346806,0.1,12
3386.99251,1,171.92,171.92,0,0,0.416667,0.416667,0,0,0,5,4500,907.867126,912.269822,0,12
963.572006,1,2210.97,1741.3,469.67,0,1,1,0.416667,0,0,50,9500,2946.752322,345.15359,0,12
454.580913,1,1229.57,1229.57,0,0,0.416667,0.416667,0,0,0,16,2700,1125.497981,192.979922,0,12
2572.508325,1,64,64,0,248.690762,0.083333,0.083333,0,0.083333,2,1,2800,373.433094,3945.38539,0,12
2596.59993,1,0,0,0,1700.074178,0,0,0,0.5,9,0,3000,1794.421173,936.618592,0,12
937.434519,1,1124.88,1085.63,39.25,0,0.416667,0.333333,0.083333,0,0,9,2500,993.196174,252.572491,0,12
4804.072481,1,0,0,0,1116.128466,0,0,0,0.583333,11,0,5000,1589.654582,1456.920041,0,12
1177.125233,1,8190.9,6949.66,1241.24,0,1,0.916667,0.5,0,0,56,5000,7007.797351,354.703333,0.416667,12
4393.185874,1,0,0,0,10725.50074,0,0,0,0.5,21,0,8000,5943.975673,1631.426308,0.090909,12
1695.84301,1,317.4,64.9,252.5,215.132661,0.25,0.083333,0.25,0.333333,4,5,1800,708.699641,1118.084153,0,12
1830.571451,1,737.67,737.67,0,1781.484344,0.25,0.25,0,0.416667,13,5,2000,2338.783266,838.165733,0,12
167.505508,0.818182,1219,843,376,0,0.75,0.75,0.416667,0,0,21,4500,1989.674433,161.279514,0.666667,12
1075.401912,1,150,150,0,0,0.083333,0.083333,0,0,0,1,1200,224.135558,443.646049,0,12
392.992722,1,508.32,0,508.32,0,1,0,1,0,0,36,1500,168.998137,199.547052,0,12
136.743106,1,1466.05,1344.79,121.26,0,1,1,0.5,0,0,21,6000,1519.011448,191.955443,1,12
1053.59473,1,1450,1450,0,0,0.125,0.125,0,0,0,1,1500,397.090516,227.143184,0,8
1877.424948,1,170.07,118.2,51.87,0,0.166667,0.166667,0.166667,0,0,2,6000,248.81801,264.497515,0,6
8.928211,0.727273,105.78,105.78,0,0,0.416667,0.416667,0,0,0,6,3500,199.171196,88.814442,0.5,12
2139.919711,1,330.89,71.4,259.49,2649.967098,0.5,0.083333,0.416667,0.416667,18,7,6000,703.005516,720.646441,0,12
137.909416,1,897.42,684.12,213.3,0,0.916667,0.916667,0.583333,0,0,27,7000,965.182597,191.931603,0.083333,12
1301.549278,1,0,0,0,72.681585,0,0,0,0.083333,1,0,1500,317.211622,531.398722,0,12
287.140554,0.636364,316.78,0,316.78,0,0.75,0,0.75,0,0,15,4500,1308.806298,248.833196,0,12
26.621291,0.363636,426.83,426.83,0,0,0.416667,0.416667,0,0,0,5,6000,195.490843,88.384521,0,12
6887.915143,1,4340.42,3608.17,732.25,7028.901031,1,1,0.916667,0.833333,29,59,11500,16616.23528,1688.710521,0.083333,12
740.382347,1,1672.35,1571.35,101,310.806852,0.666667,0.5,0.416667,0.25,3,15,5500,1437.155317,287.831911,0,12
3846.74253,1,0,0,0,1932.460679,0,0,0,1.5,18,0,5600,496.245836,538.346874,0,6
5500.316126,1,0,0,0,4930.998256,0,0,0,0.166667,6,0,9000,10036.80464,1915.072549,0.083333,12
364.516232,1,0,0,0,720.251306,0,0,0,0.2,2,0,6500,94.932543,158.639188,0,10
688.993252,1,803.57,0,803.57,0,1,0,1,0,0,53,2000,253.769944,195.362332,0,12
3781.053716,1,764.19,0,764.19,279.13821,0.666667,0,0.666667,0.166667,3,29,7000,1640.238914,2951.847301,0,12
1394.445085,1,0,0,0,279.693602,0,0,0,0.333333,4,0,1600,389.817084,510.935129,0,12
117.205812,0.818182,215,215,0,0,0.083333,0.083333,0,0,0,1,1750,86.403222,182.994424,0,12
4373.439331,0.888889,1959.04,1570.04,389,5124.126997,0.666667,0.444444,0.555556,0.555556,6,12,7000,820.851704,1409.800552,0,9
2931.237524,1,150,150,0,1434.135353,0.083333,0.083333,0,0.083333,3,3,3000,577.725789,1683.482088,0,12
310.666963,1,881.87,509.87,372,0,0.545455,0.363636,0.272727,0,0,12,7500,274.936052,212.361801,0,11
126.13588,1,0,0,0,1170.273287,0,0,0,0.083333,2,0,1200,1131.54314,78.85135,0.083333,12
975.637547,0.818182,6897.56,0,6897.56,0,0.5,0,0.5,0,0,6,6150,8337.882098,6703.880744,0.272727,12
1129.284728,1,1211.42,0,1211.42,0,1,0,1,0,0,42,4000,3390.831252,341.402204,0.333333,12
2306.310095,1,359.96,0,359.96,2843.482435,0.916667,0,0.916667,0.333333,6,11,4000,1482.816136,2056.434829,0,12
883.835888,1,187.47,0,187.47,0,0.75,0,0.666667,0,0,9,1000,263.631752,434.734741,0,12
874.571604,1,385.7,316.7,69,289.822557,0.416667,0.333333,0.166667,0.166667,2,8,2000,357.969443,231.854555,0,12
444.760263,0.636364,3734.7,3734.7,0,0,0.333333,0.333333,0,0,0,7,4000,5808.857795,180.414703,0.5,12
0,0,1200,1200,0,0,0.083333,0.083333,0,0,0,1,2500,14229.88248,,0,12
332.650256,1,770,0,770,0,0.583333,0,0.5,0,0,7,5500,558.752797,216.863764,0,12
101.682988,1,610.34,86,524.34,0,1,0.166667,1,0,0,40,1500,324.924223,152.877812,0.090909,12
4143.074668,1,1074.27,1074.27,0,190.242856,0.75,0.75,0,0.166667,3,21,6000,926.813916,1175.934462,0,12
42.68579,0.909091,708,326,382,0,0.75,0.166667,0.5,0,0,20,3000,755.300687,149.306085,0.625,12
146.261257,1,3139.97,2499.22,640.75,0,1,1,0.916667,0,0,41,5000,2990.926573,176.657439,0.833333,12
3876.778302,1,0,0,0,4269.018258,0,0,0,0.25,11,0,7500,1342.57535,939.667646,0,12
1593.364737,1,2298.49,684.2,1614.29,554.604914,1,0.416667,1,0.25,3,53,4500,1082.087826,347.210824,0,12
933.278656,1,182.55,0,182.55,2304.727023,0.25,0,0.166667,0.416667,7,3,2500,1755.16459,248.144048,0,12
58.167348,0.181818,438.87,438.87,0,0,0.083333,0.083333,0,0,0,1,7500,1748.469291,270.533346,0,12
2514.895334,1,3172.38,1653.16,1519.22,656.112456,1,0.916667,0.916667,0.166667,2,41,6800,2646.255583,692.03719,0,12
1513.759633,1,70,70,0,0,0.181818,0.181818,0,0,0,2,1700,2085.049719,3812.357397,0,11
80.00717,1,1548.37,28.58,1519.79,0,0.916667,0.083333,0.75,0,0,21,9500,1105.365158,149.982961,0.7,12
93.104842,1,160,160,0,0,0.083333,0.083333,0,0,0,1,5200,633.184791,491.717092,0.1,12
458.958269,0.363636,492.72,0,492.72,0,1,0,1,0,0,12,6000,2111.788889,199.91768,0,12
1386.712561,1,0,0,0,699.804757,0,0,0,0.333333,7,0,1500,848.630874,520.077775,0,12
4564.860642,1,1701.13,1322.61,378.52,0,1,0.916667,0.833333,0,0,39,12000,1205.113895,1141.311115,0,12
1709.346088,1,339,339,0,0,0.166667,0.166667,0,0,0,4,2000,612.684346,476.106586,0,12
94.83691,1,1027.84,93,934.84,0,1,0.083333,1,0,0,28,18000,1041.284778,173.91503,0.416667,12
6204.264926,1,0,0,0,2344.901285,0,0,0,0.166667,8,0,7500,1381.411511,2173.987009,0,12
64.677565,1,363.71,363.71,0,0,1,1,0,0,0,12,6000,343.104512,171.000625,0.083333,12
24.297113,0.636364,230.47,0,230.47,0,0.5,0,0.5,0,0,7,4000,0,,0,12
2271.7875,1,0,0,0,2866.563908,0,0,0,0.25,5,0,8000,327.593428,365.820843,0,8
5000.825577,1,3310.39,3072.89,237.5,2019.865472,0.75,0.666667,0.333333,0.083333,1,28,7500,2633.433636,2412.441231,0,12
3723.723928,1,0,0,0,1138.457723,0,0,0,0.333333,6,0,4500,930.285952,978.023398,0,12
348.066767,1,695,695,0,0,0.083333,0.083333,0,0,0,1,4000,470.847821,179.773891,0,12
846.380946,1,8397.44,6812.04,1585.4,0,1,1,1,0,0,118,10000,8067.500812,202.618759,1,12
39.557369,0.363636,45.65,45.65,0,0,0.083333,0.083333,0,0,0,1,3000,831.294005,237.52827,0,12
3492.064185,1,0,0,0,522.551112,0,0,0,0.090909,1,0,12500,1349.873959,790.534808,0,11
719.427666,1,734.4,180,554.4,0,0.583333,0.083333,0.5,0,0,8,1000,285.477654,282.063918,0,12
1184.924492,0.9,306,234,72,1314.443111,0.4,0.2,0.3,0.2,8,7,3000,500.833154,672.890662,0,10
4285.123888,1,4235.03,4235.03,0,0,0.833333,0.833333,0,0,0,29,10000,1660.32858,1243.967283,0,12
989.448428,1,429.97,420.32,9.65,1029.77967,0.875,0.5,0.5,0.25,4,13,1500,195.369397,179.644332,0,8
3126.109251,1,3357.24,2197.01,1160.23,0,1,1,1,0,0,154,7000,1149.614601,707.168238,0,12
3912.344717,1,2080.66,672.48,1408.18,1829.712153,1,0.166667,1,0.166667,5,42,6000,1017.896487,888.469097,0,12
469.380653,1,5117.56,2562.27,2555.29,0,1,1,1,0,0,81,4300,5270.796852,216.41101,0.333333,12
3543.905366,1,1362.92,0,1362.92,0,1,0,1,0,0,15,7500,1026.706561,1039.058094,0,12
1218.208868,0.818182,0,0,0,4467.667258,0,0,0,0.363636,12,0,2500,3341.009938,385.307674,0,11
680.079404,1,636.41,106.01,530.4,2525.736564,1,0.083333,1,0.25,10,19,12000,309.998666,266.056225,0,12
1431.445361,1,0,0,0,1414.866215,0,0,0,0.083333,1,0,1500,235.637068,442.595956,0,12
131.760301,1,789.43,787.48,1.95,0,1,1,0.083333,0,0,14,5000,2023.907685,187.636973,0.916667,12
35.988695,0.636364,294,0,294,0,0.5,0,0.416667,0,0,6,1200,502.277937,188.697505,0.333333,12
128.507898,0.454545,0,0,0,490.12386,0,0,0,0.083333,1,0,1200,199.424458,83.292732,0,12
3985.637748,1,20,20,0,1306.18399,0.083333,0.083333,0,0.333333,5,1,6000,1203.180838,1148.848564,0,12
1726.125465,1,223.95,223.95,0,265.018687,0.083333,0.083333,0,0.083333,1,1,5000,1734.836967,533.845048,0,12
948.944615,1,678.94,201.4,477.54,0,1,0.166667,1,0,0,44,2000,1750.388539,612.055723,0.083333,12
71.983739,1,1000,1000,0,0,0.083333,0.083333,0,0,0,1,1200,93.4312,20.887671,0,12
32.903658,1,391.5,0,391.5,0,0.75,0,0.75,0,0,9,6500,405.250915,162.812944,0.727273,12
3822.559709,1,1000,1000,0,0,0.083333,0.083333,0,0,0,1,5000,1160.567938,1336.764756,0,12
580.175457,1,759.5,85,674.5,995.015703,0.833333,0.166667,0.75,0.333333,5,24,4000,1194.432152,1174.266863,0.083333,12
9.444869,0.363636,127.14,127.14,0,0,0.166667,0.166667,0,0,0,2,4000,0,,0,12
1509.525178,1,0,0,0,1784.023712,0,0,0,0.25,5,0,3500,513.387513,518.481808,0,12
1288.895823,0.727273,0,0,0,3233.145994,0,0,0,0.181818,3,0,3500,4919.065431,409.279112,0.285714,11
2329.869472,1,1497.2,1301.26,195.94,0,0.333333,0.25,0.083333,0,0,5,7000,1453.119488,632.472511,0,12
5090.523925,1,1689.09,0,1689.09,1088.523871,1,0,1,0.166667,3,82,6000,2046.509543,2256.318292,0,12
2996.761878,1,3644.35,3610.6,33.75,0,0.666667,0.583333,0.083333,0,0,23,3500,3879.940821,864.045134,0,12
1103.834373,0.363636,0,0,0,155.414239,0,0,0,0.333333,4,0,7000,4021.956752,410.666163,0,12
72.679836,0.545455,800.55,586.55,214,0,0.5,0.333333,0.333333,0,0,13,7000,1584.89763,147.859998,0.666667,12
4995.229116,1,1580.34,1364.34,216,0,1,1,0.416667,0,0,26,5500,1712.233039,1485.721729,0,12
300.427627,1,443.71,0,443.71,0,0.916667,0,0.916667,0,0,11,1000,372.548129,228.365901,0,12
1521.763256,1,312.15,0,312.15,0,0.75,0,0.75,0,0,19,1500,671.70656,1458.363763,0,12
16.742181,0.545455,320,0,320,0,0.5,0,0.416667,0,0,6,2500,559.713369,65.554557,0.25,12
757.964752,0.875,157.4,157.4,0,0,0.125,0.125,0,0,0,6,1200,1494.480376,2638.59841,0,8
8315.894044,1,8391.55,0,8391.55,0,1,0,1,0,0,199,8500,6322.388249,7912.050279,0,12
476.728349,1,462.75,462.75,0,0,1,1,0,0,0,12,5500,185.002877,170.274498,0,12
776.919827,1,11522.9,11146.28,376.62,0,1,1,0.416667,0,0,68,4500,11082.51429,237.006434,0.916667,12
245.336939,0.363636,909,909,0,0,0.083333,0.083333,0,0,0,1,3000,340.201751,55.410769,0,12
18.745682,0.363636,872.7,872.7,0,0,0.333333,0.333333,0,0,0,11,2500,2411.060444,44.981723,1,12
7.106669,0.333333,27.98,27.98,0,0,0.111111,0.111111,0,0,0,1,2500,57.785065,154.349034,0,9
1632.421395,1,993.96,245.59,748.37,0,0.727273,0.181818,0.636364,0,0,22,6000,2752.623744,489.842903,0.090909,11
2439.976275,1,499.59,0,499.59,0,0.916667,0,0.916667,0,0,11,2700,555.286351,617.276328,0,12
1315.478789,1,88.08,0,88.08,154.311694,0.5,0,0.416667,0.083333,2,6,1500,453.199092,321.319929,0,12
1454.09973,1,0,0,0,49.602856,0,0,0,0.083333,1,0,1500,274.985583,493.392656,0,12
1695.40481,1,1641.48,1377.06,264.42,1105.875503,0.916667,0.75,0.416667,0.583333,9,26,7000,3423.435143,629.237655,0,12
19.991586,0.875,144,0,144,0,0.75,0,0.625,0,0,6,1500,173.881319,96.495473,0.8,8
3219.604215,1,4126.75,4126.75,0,0,1,1,0,0,0,31,10500,6061.100911,1113.256834,0,12
337.178513,1,3809.71,3809.71,0,0,1,1,0,0,0,16,16500,2837.599645,238.075524,0.916667,12
217.10156,0.818182,2953.03,2953.03,0,0,0.166667,0.166667,0,0,0,3,5000,3123.296573,118.209566,0.125,12
2124.826298,1,967.61,397.61,570,581.6512,0.833333,0.166667,0.75,0.25,3,12,5000,1778.725826,477.542826,0,12
313.13311,1,49.09,49.09,0,1306.110387,0.166667,0.166667,0,0.416667,13,2,6500,1405.747523,189.159601,0.166667,12
154.271153,1,1498.28,667,831.28,0,0.833333,0.416667,0.583333,0,0,24,12000,1343.450205,189.406063,0.583333,12
7934.946009,1,1792.15,1792.15,0,4169.060991,0.333333,0.333333,0,0.333333,6,16,11500,2373.896899,2184.394699,0,12
4183.77248,1,511.12,278.6,232.52,1209.426365,0.916667,0.25,0.833333,0.416667,14,24,4500,1378.838332,2569.377585,0,12
4187.550741,1,0,0,0,433.71918,0,0,0,0.083333,1,0,4500,1216.465192,935.585513,0,12
58.565355,0.833333,386,0,386,0,0.666667,0,0.5,0,0,4,1000,425.996964,65.250637,1,6
8363.401152,1,1076.01,1076.01,0,3134.26615,0.25,0.25,0,0.666667,29,7,9500,1828.936956,2608.291402,0,12
45.171225,0.636364,160,160,0,0,0.083333,0.083333,0,0,0,1,500,197.019336,94.411065,0,12
440.676765,0.666667,0,0,0,1125.542162,0,0,0,0.666667,6,0,1200,171.743821,113.220269,0,6
7867.660015,1,507,507,0,8980.648498,0.166667,0.166667,0,0.916667,43,4,8500,6802.892319,8644.138069,0,12
731.222335,1,0,0,0,2828.975383,0,0,0,0.416667,8,0,1500,3208.182454,236.90696,0.090909,12
39.523885,0.727273,592.88,451.18,141.7,0,0.583333,0.583333,0.083333,0,0,9,12000,1111.148943,120.742325,0.833333,12
1996.785925,1,212.64,212.64,0,272.115509,0.083333,0.083333,0,0.166667,6,1,2000,1121.381513,2669.122014,0,12
3114.988266,1,453.12,453.12,0,2115.036647,0.333333,0.333333,0,0.5,12,7,5000,1160.859524,1067.666256,0,12
2341.401664,1,0,0,0,1818.306309,0,0,0,0.416667,5,0,3000,668.918811,553.243869,0,12
2819.630553,1,0,0,0,230.543537,0,0,0,0.25,7,0,3000,810.389383,1147.376672,0,12
147.085066,0.818182,1381.14,1027.14,354,0,0.666667,0.333333,0.25,0,0,11,2500,1457.406626,128.626652,1,12
152.459665,1,1248.09,829.45,418.64,0,1,1,0.25,0,0,21,5000,1316.455236,210.906103,0.166667,12
1998.15597,1,348,348,0,1940.357907,0.083333,0.083333,0,0.083333,1,1,9000,2893.195013,419.016946,0,12
290.246277,1,2617.61,1342.69,1274.92,0,1,1,0.75,0,0,52,2500,2948.963493,164.864181,0.916667,12
2074.364799,1,1500,1500,0,0,0.416667,0.416667,0,0,0,15,2200,2200.280484,1436.215703,0,12
1773.323689,1,1423.71,1423.71,0,0,1,1,0,0,0,17,5000,1410.310559,423.078833,0,12
12.540151,0.363636,201,104.5,96.5,0,0.25,0.083333,0.166667,0,0,4,2500,479.948299,142.198683,1,12
5796.622219,0.875,423.38,223.38,200,6739.693779,0.625,0.25,0.375,0.25,18,9,8000,813.94163,1523.155003,0,8
3261.241461,1,0,0,0,154.67204,0,0,0,0.083333,1,0,6500,800.677168,1588.441785,0,12
4228.71103,1,923.99,0,923.99,3932.272703,1,0,1,0.416667,7,30,8500,8805.280436,1134.632482,0.25,12
8033.907466,1,159,159,0,3983.763805,0.083333,0.083333,0,0.75,24,1,9000,1620.868564,2568.327034,0,12
11.902047,0.818182,0,0,0,482.992567,0,0,0,0.083333,1,0,3000,727.929858,5.03821,0.142857,12
7789.190958,1,1307.39,84.45,1222.94,1836.893684,1,0.166667,1,0.25,3,66,8500,2072.817061,2983.977594,0,12
8465.740449,1,1345.81,226,1119.81,3429.450339,0.916667,0.333333,0.666667,0.666667,25,33,9500,2069.156797,2410.701385,0,12
151.194794,0.818182,2634.7,2411.53,223.17,0,1,1,0.363636,0,0,42,7500,2295.964836,103.773786,0.5,11
3212.963003,1,0,0,0,185.532602,0,0,0,0.083333,2,0,3500,766.728773,1044.358428,0,12
149.59894,1,2009.64,206,1803.64,0,1,0.083333,1,0,0,23,16500,1886.871621,150.495102,0.636364,12
39.718404,0.363636,525.17,525.17,0,0,0.083333,0.083333,0,0,0,4,8500,515.996856,37.409861,0,12
99.523071,0.818182,955.87,955.87,0,0,0.5,0.5,0,0,0,9,13500,1201.853087,99.945036,0.666667,12
1837.047378,1,0,0,0,73.157833,0,0,0,0.083333,1,0,2000,412.848153,599.972398,0,12
28.90195,0.363636,169.24,169.24,0,0,0.083333,0.083333,0,0,0,1,1200,166.658504,42.777345,0,12
133.68751,1,1139.2,0,1139.2,0,1,0,0.875,0,0,15,3000,957.152839,116.355394,0.833333,8
1922.943603,1,110.8,110.8,0,0,0.166667,0.166667,0,0,0,2,3000,551.431723,565.627471,0,12
653.931902,1,0,0,0,1561.104542,0,0,0,0.583333,9,0,1200,1535.018327,274.518511,0.1,12
25.178303,0.727273,283.15,0,283.15,0,0.583333,0,0.5,0,0,7,5000,206.688202,101.894341,0.454545,12
3049.215189,1,390,390,0,5876.866242,0.083333,0.083333,0,0.583333,9,1,3200,6537.913767,2729.078978,0,12
8073.983031,1,2153.11,1326,827.11,3037.443167,1,0.75,0.916667,0.583333,28,48,9500,3032.171255,2764.780103,0,12
1731.459785,1,288.47,0,288.47,37.454878,0.416667,0,0.416667,0.083333,2,5,1700,673.92358,1361.538435,0,12
173.720757,0.181818,345.29,345.29,0,887.279827,0.083333,0.083333,0,0.166667,10,2,1200,0,,0,12
1150.724569,1,797.27,482.31,314.96,180.115216,0.75,0.333333,0.583333,0.083333,1,12,6000,1177.010626,261.521082,0,12
5376.083101,1,0,0,0,2293.529361,0,0,0,0.333333,8,0,5500,3202.100651,12449.67391,0,12
992.615052,1,162.28,0,162.28,0,0.5,0,0.5,0,0,6,1000,333.663574,462.345834,0,12
1360.029064,1,75.87,75.87,0,1482.699821,0.083333,0.083333,0,0.166667,10,1,1500,328.843583,544.816677,0,12
167.244974,0.272727,0,0,0,1275.337159,0,0,0,0.083333,3,0,3000,7094.254317,248.788237,0.25,12
24.382156,1,366.6,0,366.6,0,1,0,1,0,0,12,2000,335.625679,164.248719,1,12
1001.129965,1,0,0,0,457.757366,0,0,0,0.083333,1,0,1200,462.290269,469.620367,0,12
108.766657,0.857143,750.19,750.19,0,0,0.714286,0.714286,0,0,0,7,2500,498.643829,95.901909,0,7
3106.853852,1,0,0,0,3043.478003,0,0,0,0.416667,11,0,6000,702.156272,1069.874481,0,12
787.341687,1,2732.66,2548.47,184.19,0,1,1,0.416667,0,0,30,16500,2548.494077,388.363232,0.166667,12
1075.768647,1,200,200,0,0,0.083333,0.083333,0,0,0,1,1200,550.95426,290.977264,0,12
2270.22733,1,0,0,0,159.189426,0,0,0,0.083333,1,0,2400,495.667079,974.797056,0,12
38.994955,1,431.52,431.52,0,0,1,1,0,0,0,12,7000,417.892105,182.596244,1,12
1154.381343,1,2421.85,468.65,1953.2,0,1,0.333333,1,0,0,69,9000,1421.087219,422.043729,0,12
126.098257,0.8,387.66,387.66,0,0,0.7,0.7,0,0,0,24,1200,211.00385,174.40662,0,10
61.657184,1,338.4,0,338.4,0,1,0,1,0,0,12,1000,384.287358,135.392627,0.1,12
6371.35328,1,0,0,0,3546.56566,0,0,0,0.333333,11,0,7000,1914.79158,3654.599824,0,12
6057.280526,1,2235.12,1102.4,1132.72,0,1,0.5,1,0,0,103,10500,1489.016246,1494.385566,0,12
7005.310696,1,0,0,0,4273.427073,0,0,0,0.333333,11,0,10500,1623.620841,1571.575974,0,12
4.598902,0.363636,51.16,0,51.16,0,0.166667,0,0.083333,0,0,2,3000,160.554337,166.879157,1,12
59.264067,0.909091,203.08,0,203.08,956.776745,0.666667,0,0.666667,0.166667,2,8,2000,1309.186831,204.315088,0.272727,12
953.772248,1,747.62,747.62,0,1411.613588,0.166667,0.166667,0,0.5,6,2,2500,306.649908,215.800967,0,12
22.187914,1,0,0,0,147.48527,0,0,0,0.083333,1,0,3000,182.533898,155.060934,0.083333,12
2118.77868,1,62.46,0,62.46,1361.312559,0.5,0,0.416667,0.25,4,6,4000,1080.520104,448.013699,0,12
21.345298,0.727273,1019,119,900,0,0.75,0.083333,0.75,0,0,10,4500,1274.379409,161.692199,1,12
4817.148022,1,0,0,0,7625.978921,0,0,0,0.666667,16,0,8000,3810.594316,2642.808941,0,12
452.951976,0.454545,3649.83,3649.83,0,0,0.25,0.25,0,0,0,10,7500,209.217046,164.503829,0,12
41.25567,0.454545,297.4,297.4,0,0,0.25,0.25,0,0,0,5,6000,595.460601,173.255085,0.333333,12
0,0,19.25,0,19.25,0,0.083333,0,0.083333,0,0,1,4000,0,,0,12
107.600851,1,1461.15,1034.03,427.12,0,1,1,0.916667,0,0,33,7500,1334.893122,193.531249,0.833333,12
9.431309,1,80.44,0,80.44,0,0.416667,0,0.416667,0,0,5,2500,104.97817,67.789985,0.5,12
4768.062736,1,374.81,333.2,41.61,9917.639168,0.333333,0.25,0.083333,0.833333,18,4,7000,5283.297064,1589.293892,0,12
244.653051,1,1181.03,607.4,573.63,0,0.666667,0.166667,0.666667,0,0,15,4500,1047.448996,181.476998,0.5,12
268.966315,0.727273,784,659,125,0,0.5,0.25,0.333333,0,0,12,10500,514.650308,159.17308,0.166667,12
1411.914825,1,0,0,0,127.321884,0,0,0,0.090909,2,0,1500,259.780798,423.779107,0,11
183.992665,0.818182,1402.4,1140.5,261.9,0,0.666667,0.583333,0.416667,0,0,19,7200,1262.938606,239.059144,0.142857,12
19.491307,0.363636,0,0,0,1161.514855,0,0,0,0.083333,3,0,1200,3338.597271,9.550733,0.5,12
3153.251957,1,3398.12,95.84,3302.28,5608.804955,1,0.083333,1,0.333333,4,24,3000,9000.706634,4255.297059,0.166667,12
534.168335,0.909091,3916.8,2170.37,1746.43,107.838419,0.909091,0.636364,0.545455,0.090909,1,60,3000,3291.567762,144.195071,0.571429,11
6313.362606,0.909091,0,0,0,9687.179224,0,0,0,0.636364,11,0,10000,6291.189848,1246.208875,0.090909,11
531.269205,1,33.4,0,33.4,0,1,0,1,0,0,12,3700,2508.700414,170.113751,0,12
3699.694691,1,0,0,0,1182.596884,0,0,0,0.416667,13,0,4000,769.962086,1698.5381,0,12
451.23106,1,1293.7,725.6,568.1,0,1,0.916667,0.916667,0,0,40,1200,894.932094,204.619343,0,12
591.103032,1,626.69,626.69,0,0,0.166667,0.166667,0,0,0,2,2500,786.571498,311.637186,0,12
253.640197,0.909091,2607.88,1142.96,1464.92,73.579253,0.833333,0.833333,0.666667,0.083333,1,43,4000,1954.784637,154.583752,0.583333,12
4222.928545,1,0,0,0,4745.047686,0,0,0,0.333333,6,0,8000,1383.938805,1295.228551,0,12
884.230978,1,0,0,0,611.76416,0,0,0,0.083333,2,0,1200,883.943797,216.195821,0,12
237.344299,1,1266.03,170,1096.03,0,1,0.083333,1,0,0,46,1800,729.118157,189.433393,0.5,12
19.949534,0.111111,0,0,0,326.731167,0,0,0,0.111111,5,0,2500,0,,0,9
398.726283,1,393.49,393.49,0,787.215403,0.166667,0.166667,0,0.25,8,12,600,795.860389,213.548011,0,12
6991.964344,1,1384.92,0,1384.92,18.807602,0.75,0,0.666667,0.083333,1,9,13000,2814.59508,2308.020257,0,12
38.792757,0.636364,1115.92,0,1115.92,54.562891,0.916667,0,0.916667,0.166667,2,79,3500,1506.34522,85.99372,0.272727,12
200.988312,0.181818,0,0,0,1864.566564,0,0,0,0.083333,5,0,2500,9724.871142,332.480788,1,12
2173.970603,1,0,0,0,1192.786167,0,0,0,0.25,4,0,2400,445.866028,1043.148468,0,12
158.878732,1,738.65,0,738.65,109.368455,0.833333,0,0.833333,0.083333,1,16,7500,899.2372,170.492035,0.166667,12
1464.636143,1,0,0,0,2773.394382,0,0,0,0.25,8,0,1500,1751.449835,477.001326,0.090909,12
190.962339,1,2161.22,2161.22,0,0,0.75,0.75,0,0,0,24,5000,1663.048553,148.790482,0.222222,12
6983.408463,1,0,0,0,3354.686368,0,0,0,0.333333,11,0,7700,1116.896212,25697.63772,0,12
58.83251,1,551.93,0,551.93,0,1,0,1,0,0,27,2500,437.19547,194.026175,0.75,12
3046.937141,1,0,0,0,4021.457424,0,0,0,0.25,8,0,5000,809.451322,673.513777,0,12
1396.279238,1,3380.44,1449.92,1930.52,0,1,0.333333,1,0,0,27,3500,5451.794841,385.003688,0.083333,12
975.252077,1,1146.74,796.74,350,0,0.857143,0.142857,0.714286,0,0,8,1000,1273.063087,252.66907,0,7
1622.84216,1,248.74,0,248.74,1814.147021,0.333333,0,0.25,0.25,3,4,2500,1082.286757,384.449529,0,12
3899.763741,1,0,0,0,925.72976,0,0,0,0.083333,1,0,6500,877.767833,1454.215974,0,12
2719.639153,1,715.81,715.81,0,0,0.333333,0.333333,0,0,0,7,10000,694.102974,724.758705,0,12
347.226798,1,1535.49,1203.69,331.8,0,0.9,0.5,0.5,0,0,24,1000,778.913464,149.966517,0.25,10
8.172299,0.636364,114,0,114,0,0.5,0,0.5,0,0,6,2700,123.400772,44.25482,0.545455,12
8248.178009,1,1788.84,0,1788.84,90.031207,1,0,1,0.083333,1,12,18000,40627.59524,2149.990102,0.166667,12
289.353197,1,461.68,201,260.68,0,0.333333,0.083333,0.166667,0,0,7,4500,282.328051,183.50739,0,12
38.91624,1,358.49,0,358.49,188.234434,0.916667,0,0.833333,0.083333,1,11,2500,479.607061,141.652641,0.3,12
810.739995,1,86.9,86.9,0,0,0.083333,0.083333,0,0,0,1,7500,253.775702,210.961925,0,12
438.337653,1,1867.9,1424.87,443.03,128.429272,0.75,0.5,0.5,0.166667,3,24,6500,2080.403638,204.877516,0.083333,12
101.083401,0.909091,553.36,140,413.36,1719.767683,0.666667,0.083333,0.666667,0.166667,2,9,3000,2515.38256,56.937337,0,12
1300.793883,1,1282.2,0,1282.2,0,1,0,1,0,0,12,1200,1407.623536,1230.452069,0,12
1418.838078,1,0,0,0,272.782072,0,0,0,0.583333,7,0,1500,619.975821,519.49072,0,12
2042.585017,0.857143,498.96,0,498.96,2364.540395,0.857143,0,0.714286,0.285714,5,9,2500,414.718951,1517.202791,0,7
218.948323,1,1858.33,1380,478.33,0,0.666667,0.333333,0.333333,0,0,14,4500,1934.821016,177.124786,0.5,12
115.467669,0.545455,354,354,0,0,0.166667,0.166667,0,0,0,2,16500,4555.965464,211.04268,0,12
199.462047,1,1296.2,745.82,550.38,0,0.25,0.25,0.166667,0,0,14,1800,18.125527,110.486344,0,12
143.737177,1,1456,361,1095,0,0.666667,0.166667,0.583333,0,0,17,2500,1416.600792,139.685178,0.818182,12
45.45702,0.909091,175,175,0,0,0.166667,0.166667,0,0,0,2,1200,212.558928,223.193529,0,12
1089.795044,1,0,0,20,38.249993,0,0,0.166667,0.083333,1,1,1200,284.731156,331.10383,0,12
19.946102,1,450,0,450,0,1,0,0.9,0,0,10,1000,386.571651,131.349565,1,10
626.213492,1,0,0,0,3393.427055,0,0,0,0.25,11,0,1200,3566.140224,473.448279,0.25,12
1849.017387,1,0,0,0,838.008227,0,0,0,0.166667,2,0,2500,433.218956,837.7785,0,12
2992.591246,1,0,0,0,759.456509,0,0,0,0.416667,9,0,3500,817.050377,825.529474,0,12
2021.514867,1,1582.84,1554.89,27.95,0,0.5,0.416667,0.083333,0,0,8,2500,565.380786,486.702058,0,12
2122.066396,1,0,0,0,1048.972729,0,0,0,0.25,9,0,3000,548.182704,515.520727,0,12
4.417273,0.181818,27.42,0,27.42,0,0.083333,0,0.083333,0,0,1,1800,228.417814,175.836378,1,12
825.347767,1,0,0,0,105.877591,0,0,0,0.083333,1,0,1200,426.206835,217.958559,0,12
87.462633,0.454545,0,0,0,1251.696029,0,0,0,0.083333,1,0,2000,2678.249487,114.91159,0.333333,12
1223.909602,1,607,607,0,0,0.916667,0.916667,0,0,0,13,1200,466.149713,906.697643,0,12
83.930127,0.727273,1027.64,1027.64,0,0,0.5,0.5,0,0,0,15,6000,1007.971531,106.407569,0.5,12
1241.025652,1,0,0,0,180.783929,0,0,0,0.083333,1,0,1800,842.814061,405.72085,0,12
268.797746,1,70,0,70,0,0.5,0,0.416667,0,0,6,1000,105.954038,229.157988,0,12
451.404363,1,2196,2154.34,41.66,0,0.833333,0.75,0.083333,0,0,14,1800,2142.056177,184.805024,0.166667,12
3.248979,0.090909,91.26,0,91.26,0,0.083333,0,0.083333,0,0,2,3500,0,,0,12
160.873814,0.666667,480,480,0,0,0.666667,0.666667,0,0,0,8,1500,38.770699,86.542118,0,6
982.566805,1,282.39,0,282.39,0,0.583333,0,0.583333,0,0,7,1000,722.645708,935.878792,0,12
4070.500764,0.833333,710.8,140,570.8,4620.069456,0.833333,0.166667,0.666667,0.166667,11,16,4900,364.205524,3231.905456,0,6
1048.892643,1,0,0,0,115.766104,0,0,0,0.25,4,0,1100,218.648513,598.910658,0,12
507.076999,0.857143,0,0,0,1391.140391,0,0,0,0.142857,2,0,1500,2104.053736,257.650259,0.25,7
158.634812,0.909091,1765.38,84.8,1680.58,0,0.666667,0.083333,0.583333,0,0,24,9500,1661.464986,135.26688,0.666667,12
976.370187,1,0,0,0,1622.255801,0,0,0,0.25,4,0,1600,3056.718074,429.217423,0.166667,12
5.336222,0.272727,57,0,57,0,0.25,0,0.166667,0,0,3,5000,164.041195,124.16248,1,12
3363.288511,1,1123.42,865.78,257.64,1992.271699,1,1,0.583333,0.166667,2,30,4500,4772.462052,948.702747,0,12
1475.396878,1,5055.77,2931.91,2123.86,0,1,0.333333,1,0,0,69,1900,4826.844372,1879.122243,0,12
15155.53286,1,717.24,717.24,0,4718.274895,1,1,0,0.5,7,24,18000,4002.194556,3843.924668,0,12
782.392041,1,8168.9,3000.97,5167.93,0,1,0.666667,1,0,0,59,16500,7455.296139,232.694923,0.916667,12
3157.715309,1,548.79,548.79,0,3075.115015,0.583333,0.583333,0,0.166667,5,48,3500,3817.151157,852.200705,0.083333,12
872.07108,1,853,0,853,999.04114,0.5,0,0.416667,0.083333,3,6,4000,784.917897,276.484296,0,12
1904.495561,1,4044.14,2961.8,1082.34,0,1,0.916667,1,0,0,66,6700,6312.820074,520.454965,0,12
1186.287841,1,115.5,115.5,0,0,0.166667,0.166667,0,0,0,3,1200,446.088328,356.432463,0,12
3838.312836,1,0,0,0,1256.712548,0,0,0,0.5,11,0,9500,1419.130675,1076.233929,0,12
5975.063353,1,345.3,345.3,0,3599.222154,0.166667,0.166667,0,0.666667,18,2,6500,2010.926039,2784.103858,0,12
2005.438728,1,956.05,818.73,137.32,0,0.583333,0.5,0.25,0,0,16,2500,915.734963,592.444909,0,12
6749.994904,1,0,0,0,4561.826799,0,0,0,0.416667,10,0,11500,4930.710131,4974.373221,0,12
6.127959,0.636364,82.85,0,82.85,0,0.636364,0,0.545455,0,0,13,3500,100.08381,108.827629,0.4,11
1994.694769,1,248.75,248.75,0,1016.518185,0.166667,0.166667,0,0.083333,1,2,6000,568.025868,562.654151,0,12
7404.850748,1,0,0,0,12405.2945,0,0,0,0.5,13,0,11500,13956.71873,1633.85526,0.083333,12
6950.583049,1,400.98,0,400.98,259.046858,0.5,0,0.416667,0.083333,1,6,12500,2008.360568,1704.533297,0,12
5976.796897,1,1194.52,0,1194.52,790.205561,0.416667,0,0.333333,0.333333,6,15,6000,2722.095294,2670.210603,0,12
19.846569,1,0,0,0,133.049604,0,0,0,0.285714,2,0,1200,48.739156,97.986182,0,7
6456.515148,1,0,0,0,3802.386718,0,0,0,0.75,17,0,7500,2640.103648,1789.614843,0,12
2651.484926,1,908.15,0,908.15,1008.639756,1,0,1,0.333333,9,23,3000,4361.679346,943.46896,0.083333,12
1091.437438,1,1237.37,447.6,789.77,0,0.833333,0.166667,0.75,0,0,13,4500,833.893431,279.421489,0,12
28.588826,1,151.92,0,151.92,0,1,0,0.875,0,0,8,1000,111.631804,111.312954,0.666667,8
703.368382,1,64,0,64,0,0.5,0,0.416667,0,0,6,2550,179.083715,212.119486,0,12
1512.218864,1,1002.93,825.89,177.04,0,1,0.833333,0.333333,0,0,23,4000,328.446221,344.205824,0,12
1608.052487,0.545455,0,0,0,2496.721337,0,0,0,0.25,3,0,5000,9933.62261,684.647727,0.166667,12
233.961592,1,248.44,13,235.44,0,0.5,0.083333,0.416667,0,0,6,1200,219.96077,174.71331,0,12
159.36681,0.636364,1277.5,0,1277.5,0,0.583333,0,0.5,0,0,7,2500,1315.820451,173.58488,0.4,12
27.40855,1,290.6,290.6,0,0,1,1,0,0,0,12,2000,315.279531,170.973738,0.083333,12
1132.796058,1,519.79,519.79,0,0,0.583333,0.583333,0,0,0,8,1200,642.723631,436.088187,0,12
101.874313,0.636364,70,70,0,365.228157,0.083333,0.083333,0,0.333333,6,1,2500,464.687342,178.912575,0.166667,12
862.753623,1,1282.38,0,1282.38,0,0.916667,0,0.833333,0,0,11,11500,930.179257,179.698273,0,12
3753.102666,1,0,0,0,702.912179,0,0,0,0.583333,7,0,11000,1029.476417,921.100658,0,12
996.223227,1,0,0,0,1398.39554,0,0,0,0.083333,1,0,8000,2369.167737,226.016919,0,12
4035.138453,1,0,0,0,2399.437045,0,0,0,0.25,3,0,7000,1474.388466,927.057881,0,12
1845.210833,1,0,0,0,1960.264859,0,0,0,0.25,3,0,4500,331.387568,600.297574,0,12
46.56216,1,261.16,0,261.16,0,1,0,1,0,0,16,4000,230.605229,179.077671,0.25,12
299.179091,0.454545,1147.23,1071.7,75.53,0,0.25,0.083333,0.25,0,0,6,4000,1460.796216,80.470536,0.181818,12
2917.079199,1,0,0,0,844.083928,0,0,0,0.416667,13,0,3000,1360.117166,1562.665426,0,12
3062.16821,0.9,2253.98,920.54,1333.44,4161.09715,0.9,0.8,0.8,0.8,30,68,9000,1132.237548,960.131857,0,10
320.33625,1,0,0,0,1258.982051,0,0,0,0.583333,14,0,6500,1746.672526,194.539211,0.083333,12
24.176932,1,189.85,189.85,0,0,0.333333,0.333333,0,0,0,4,3000,184.60455,100.687061,0,12
5496.421462,1,0,0,0,2338.977761,0,0,0,0.083333,2,0,6000,1292.534876,1605.355165,0,12
0.074724,0.181818,0,0,0,370.73048,0,0,0,0.083333,1,0,1000,1628.657052,11.51534,1,12
6063.976197,1,3987.01,3531.24,455.77,2791.263609,0.833333,0.416667,0.75,0.416667,13,25,7500,1423.187576,1583.370963,0,12
2669.587009,1,0,0,0,967.482287,0,0,0,0.083333,1,0,6500,666.186973,655.620366,0,12
86.206262,1,626.28,210.7,415.58,0,0.833333,0.416667,0.666667,0,0,22,3000,729.334233,164.106431,0,12
958.26975,1,0,0,0,171.920223,0,0,0,0.416667,8,0,1000,327.333462,308.017569,0,12
10929.05958,1,675.89,500.39,175.5,1521.869211,0.916667,0.25,0.666667,0.333333,12,12,12000,2639.956641,3049.937917,0,12
11581.9335,1,0,0,0,9236.092963,0,0,0,0.5,23,0,13000,2132.826323,4814.853217,0,12
207.209597,1,13.66,0,13.66,0,0.090909,0,0.090909,0,0,1,7000,1703.339459,208.367436,0,11
3139.267322,1,5393.36,2094.44,3298.92,0,1,0.583333,1,0,0,86,3000,4173.119357,5573.463031,0,12
2689.895528,1,0,0,0,270.201463,0,0,0,0.083333,1,0,2900,639.484442,640.261805,0,12
1406.627442,1,2315.86,1339.26,976.6,0,0.916667,0.416667,0.833333,0,0,27,4000,3176.971719,462.419982,0,12
1594.485356,1,2650.91,2123.9,527.01,0,1,0.25,1,0,0,33,7000,1416.618009,427.14706,0,12
3755.184007,1,3211.86,1420.58,1791.28,0,1,0.75,0.833333,0,0,22,11000,3198.261943,960.856638,0,12
38.795708,0.636364,229.48,229.48,0,0,0.25,0.25,0,0,0,3,3050,392.882251,132.864883,0,12
37.911473,0.818182,254,84,170,0,0.666667,0.166667,0.5,0,0,12,3000,248.076679,185.502626,0.5,12
1723.804529,1,3145.79,997.29,2148.5,0,1,0.333333,1,0,0,26,6000,995.065501,387.473541,0,12
165.290723,0.818182,971.2,971.2,0,446.94537,0.166667,0.166667,0,0.083333,1,3,1000,1922.505496,124.779308,0.666667,12
683.391465,0.636364,0,0,0,1786.070392,0,0,0,0.083333,4,0,3000,346.494649,159.136566,0,12
10.358325,0.454545,98.83,98.83,0,0,0.454545,0.454545,0,0,0,5,7000,116.299635,145.320085,0.666667,11
1063.614099,1,0,0,0,196.616463,0,0,0,0.083333,1,0,1200,206.505212,316.230814,0,12
98.290292,0.545455,4440.8,4440.8,0,0,0.583333,0.583333,0,0,0,19,1500,7150.995346,119.097785,0.75,12
1540.879308,0.909091,0,0,0,154.550357,0,0,0,0.090909,1,0,4000,720.558343,334.635642,0,11
3083.636304,1,250,0,250,0,0.5,0,0.416667,0,0,6,10000,4669.193554,893.368255,0.083333,12
1098.457059,1,0,0,0,18.510103,0,0,0,0.083333,1,0,1200,224.204359,551.721679,0,12
4836.914446,1,305.6,305.6,0,0,0.166667,0.166667,0,0,0,2,16500,2547.923816,1602.370029,0,12
131.069154,1,1315.39,313.08,1002.31,0,1,1,1,0,0,50,3500,1123.656185,182.23728,1,12
49.564532,1,433.5,273.94,159.56,0,0.909091,0.181818,0.909091,0,0,13,9000,465.466079,148.914581,0.272727,11
1967.70274,1,744.9,669.9,75,956.424536,0.5,0.416667,0.083333,0.25,7,10,4000,449.758817,647.309788,0,12
1669.128355,1,0,0,0,335.056814,0,0,0,0.166667,2,0,1800,528.612762,607.334479,0,12
56.116326,0.181818,368.47,368.47,0,66.320495,0.083333,0.083333,0,0.083333,2,5,2500,174.470592,167.4688,1,12
227.184126,0.272727,50,50,0,947.140065,0.083333,0.083333,0,0.166667,2,1,5500,2074.177677,162.04957,0,12
1417.157652,1,562.5,0,562.5,0,0.416667,0,0.416667,0,0,5,1500,987.794574,861.298259,0,12
1406.483149,1,0,0,0,363.680545,0,0,0,0.125,1,0,1500,214.423727,362.96484,0,8
0,0,581,0,581,0,0.583333,0,0.583333,0,0,7,1000,692.523718,,0,12
1124.582725,1,0,0,0,219.933843,0,0,0,0.333333,4,0,1200,446.251464,228.206218,0,12
110.409387,0.727273,992.88,992.88,0,0,0.416667,0.416667,0,0,0,12,4500,791.103098,148.537836,0,12
4929.758948,1,4939.1,4939.1,0,2365.84349,0.666667,0.666667,0,0.25,7,309,6000,3952.187547,5234.368383,0,12
687.378139,1,74.42,0,74.42,0,0.25,0,0.25,0,0,3,700,353.250281,492.588377,0,12
7.167028,0.363636,99,99,0,0,0.333333,0.333333,0,0,0,4,6000,196.556706,85.643203,0,12
49.433937,1,387,0,387,0,1,0,0.888889,0,0,9,3000,335.472854,122.280528,1,9
1427.949491,1,0,0,0,617.736537,0,0,0,0.166667,2,0,1800,2163.873958,329.166007,0.083333,12
17.141376,0.818182,182.1,33.6,148.5,113.918826,0.25,0.083333,0.083333,0.083333,1,4,6000,255.074373,93.628909,0.2,12
2285.655394,0.9,3648.73,2517.43,1131.3,2034.664095,0.9,0.9,0.6,0.5,7,46,7000,586.67656,558.834333,0,10
341.149186,1,48.78,48.78,0,0,0.083333,0.083333,0,0,0,1,500,256.731955,259.3518,0,12
91.705554,1,1468.1,1468.1,0,0,0.833333,0.833333,0,0,0,27,3000,1502.962138,110.071016,0.5,12
2032.338405,0.909091,158.24,0,158.24,2508.932178,0.666667,0,0.583333,0.25,5,8,2500,625.314406,632.198197,0,12
4.12565,0.363636,25.69,25.69,0,0,0.083333,0.083333,0,0,0,1,4500,163.352538,128.336305,0,12
709.473364,1,548.85,385.29,163.56,153.665694,0.666667,0.333333,0.5,0.083333,1,13,1200,381.15677,213.8837,0,12
8048.03442,1,0,0,0,6163.107978,0,0,0,0.333333,10,0,12000,2165.252987,2164.447843,0,12
2755.306896,0.909091,2754.49,1974,780.49,3193.924548,0.75,0.416667,0.583333,0.333333,9,43,13000,4843.691023,774.60303,0,12
348.646985,0.818182,230,230,0,1099.152158,0.166667,0.166667,0,0.083333,1,2,1200,443.364076,271.562248,0,12
472.663708,0.545455,310.44,0,310.44,0,0.416667,0,0.416667,0,0,5,4000,2493.243567,222.654608,0.142857,12
387.585128,0.333333,0,0,0,2494.497971,0,0,0,0.333333,21,0,3000,0,,0,6
120.658015,1,349.12,349.12,0,0,0.25,0.25,0,0,0,4,2700,383.414493,163.463142,0,12
105.385636,1,1536.31,344.91,1191.4,0,0.666667,0.166667,0.416667,0,0,8,3000,1639.344093,161.467632,0.625,12
2843.942194,1,0,0,0,266.975744,0,0,0,0.583333,10,0,3000,869.193769,910.703762,0,12
28.315171,0.5,225.02,111.7,113.32,0,0.375,0.125,0.125,0,0,3,10000,315.246249,118.313994,1,8
949.530268,1,45.65,45.65,0,47.786053,0.083333,0.083333,0,0.083333,1,1,1000,303.450157,456.016895,0,12
34.706824,0.181818,242.9,242.9,0,0,0.083333,0.083333,0,0,0,2,1500,85.290895,174.958496,0,12
3596.749572,1,0,0,0,1172.638871,0,0,0,0.166667,3,0,6000,1499.401344,765.099049,0,12
49.920897,1,400.19,400.19,0,0,1,1,0,0,0,14,8500,363.703322,177.221407,0.727273,12
120.945829,0.7,33.38,0,33.38,0,0.2,0,0.1,0,0,2,1000,514.002301,148.330512,0,10
1118.479084,1,325.95,203.96,121.99,0,0.666667,0.333333,0.25,0,0,9,2400,290.888289,369.130795,0,12
216.184011,0.454545,0,0,0,948.380744,0,0,0,0.166667,2,0,1200,243.64342,173.667325,0,12
3997.572659,1,0,0,0,3516.5482,0,0,0,0.272727,6,0,4500,1456.274689,1310.022633,0,11
1906.703614,1,780,0,780,0,1,0,1,0,0,12,3000,1338.303471,598.649198,0,12
1747.359784,1,0,0,0,413.38083,0,0,0,0.333333,8,0,1800,700.732344,755.249544,0,12
2363.615492,1,1441.32,374.64,1066.68,0,0.833333,0.083333,0.833333,0,0,11,6000,1055.392983,988.408977,0,12
1247.196735,1,243,243,0,0,0.333333,0.333333,0,0,0,9,1200,529.091477,919.446681,0,12
336.640397,1,589.59,165,424.59,0,0.833333,0.083333,0.75,0,0,17,5000,839.728514,184.635553,0,12
135.493002,1,0,0,0,499.794103,0,0,0,0.25,4,0,1200,1844.110066,185.379277,0.166667,12
957.980588,1,424.76,0,424.76,0,0.333333,0,0.333333,0,0,4,5000,504.56116,337.959338,0,12
965.236679,1,2786.08,763.82,2022.26,0,0.75,0.333333,0.666667,0,0,33,4500,1399.589495,244.198717,0,12
260.409355,1,545.34,257.34,288,0,0.416667,0.166667,0.166667,0,0,9,1500,384.809868,189.1629,0,12
2772.790822,1,337.98,0,337.98,198.185224,1,0,1,0.416667,7,45,3000,1043.396353,1046.955311,0,12
1305.266304,0.833333,1078.89,844.99,233.9,2081.15215,0.833333,0.833333,0.666667,0.666667,4,20,5000,164.080259,191.069553,0,6
1153.335938,1,886.56,0,886.56,0,1,0,1,0,0,12,1000,724.171914,2256.223464,0,12
633.388444,1,830.45,830.45,0,0,0.416667,0.416667,0,0,0,8,6000,497.263402,239.606651,0,12
743.52397,1,962.78,278.48,684.3,360.154972,1,0.25,1,0.083333,1,30,1000,402.895757,794.825011,0,12
1161.901683,1,10903.22,7841.79,3061.43,0,1,1,1,0,0,136,12000,10799.00074,235.88019,1,12
10.451064,0.333333,405.93,405.93,0,0,0.111111,0.111111,0,0,0,1,6500,831.748202,165.599724,0,9
256.028048,1,627.42,0,627.42,0,0.833333,0,0.833333,0,0,16,2500,288.225797,174.799517,0.083333,12
1109.172807,0.909091,190,190,0,1496.441591,0.083333,0.083333,0,0.166667,5,1,1500,795.189855,331.294133,0,12
15.307062,1,71.52,0,71.52,0,1,0,0.833333,0,0,6,1500,55.180487,69.3025,0.25,6
1056.954525,1,0,0,0,744.221343,0,0,0,0.333333,11,0,2500,498.592426,250.571856,0,12
4797.567431,1,0,0,0,4824.425698,0,0,0,0.333333,10,0,5000,5965.070573,2108.574767,0.083333,12
42.363094,0.571429,0,0,0,260.723304,0,0,0,0.285714,2,0,1200,440.939379,39.551362,0,7
608.422266,0.636364,0,0,0,2338.86519,0,0,0,0.166667,2,0,4000,600.277524,369.688294,0,12
7.950803,0.636364,92.2,0,92.2,0,0.583333,0,0.583333,0,0,7,3000,152.592178,125.684033,0.166667,12
927.983543,1,1321.52,1321.52,0,0,0.25,0.25,0,0,0,15,4500,527.949934,264.030133,0,12
821.933113,1,987.26,872.64,114.62,0,0.916667,0.833333,0.416667,0,0,29,6500,1605.098906,212.082883,0,12
46.773238,0.545455,2166.56,0,2166.56,0,0.666667,0,0.583333,0,0,16,3000,1969.308069,100.53897,0.4,12
42.755706,0.545455,350.94,284.29,66.65,0,0.25,0.25,0.25,0,0,9,5000,1191.823088,195.006921,0.4,12
95.731707,1,632.3,200,432.3,0,0.916667,0.083333,0.916667,0,0,12,2000,606.576346,173.221204,0.5,12
889.767658,1,2997.02,1823.02,1174,0,0.916667,0.416667,0.916667,0,0,22,7000,2199.48968,244.279734,0,12
1456.399956,0.909091,0,0,0,4116.968065,0,0,0,0.727273,34,0,2500,2793.487295,545.874795,0,11
72.372971,0.363636,456.7,456.7,0,0,0.25,0.25,0,0,0,4,1200,312.287787,163.340754,0,12
405.052353,1,515.14,69,446.14,0,0.583333,0.083333,0.416667,0,0,11,4500,281.491353,280.482025,0,12
855.811816,1,1960.18,306.18,1654,271.838738,1,0.083333,0.916667,0.083333,1,42,3000,2043.814652,324.863481,0.1,12
1074.258487,1,11.35,0,11.35,0,0.083333,0,0.083333,0,0,1,1200,421.348577,206.637191,0,12
3024.642476,1,0,0,0,2381.716886,0,0,0,0.083333,2,0,8000,578.458133,1031.5915,0,12
597.410794,0.909091,344.75,289.3,55.45,1347.900815,0.25,0.25,0.166667,0.416667,9,7,2500,2026.647785,172.765035,0,12
43.20377,1,308.22,0,308.22,0,0.916667,0,0.916667,0,0,11,2000,331.111373,162.258275,0.5,12
79.517489,0.818182,335.38,270,65.38,0,0.25,0.083333,0.083333,0,0,3,3000,413.920617,122.063597,0.111111,12
35.16925,0.636364,272.34,0,272.34,0,0.416667,0,0.416667,0,0,8,1500,386.322209,104.5487,0.272727,12
5177.774511,1,1562.74,979.99,582.75,1443.200669,0.666667,0.166667,0.5,0.166667,4,9,9000,3770.423728,1262.016427,0,12
80.298186,0.727273,1090,0,1090,0,0.5,0,0.416667,0,0,6,4500,1015.891727,166.102478,0.666667,12
1202.204204,1,435.04,435.04,0,0,0.916667,0.916667,0,0,0,11,1200,686.958695,847.988773,0,12
4375.764064,1,1016.41,0,1016.41,252.583938,0.916667,0,0.833333,0.083333,1,12,10000,1133.806322,1165.41843,0,12
444.519756,1,302.4,0,302.4,1955.504366,0.333333,0,0.25,0.166667,4,6,3000,2579.035502,209.238839,0.166667,12
1383.72609,1,0,0,0,148.185304,0,0,0,0.166667,2,0,1500,298.943957,508.050053,0,12
4738.804194,1,0,0,0,3814.313134,0,0,0,0.833333,27,0,7000,1374.849589,1159.813479,0,12
389.835298,0.818182,0,0,0,2101.740346,0,0,0,0.5,7,0,3000,2236.589562,100.212983,0,12
455.452678,0.909091,1301.25,1301.25,0,0,0.5,0.5,0,0,0,9,1500,472.453467,170.192614,0,12
658.6552,1,629.99,629.99,0,0,0.083333,0.083333,0,0,0,1,6000,353.862252,247.500183,0,12
5058.555256,1,0,0,0,2915.339463,0,0,0,0.666667,8,0,7000,1689.268612,1198.874608,0,12
42.51225,0.272727,523.15,75.2,447.95,0,0.25,0.083333,0.25,0,0,7,2000,925.820102,164.103619,1,12
21.187313,0.272727,319.41,0,319.41,0,0.25,0,0.166667,0,0,6,6000,135.546054,29.013477,0.083333,12
570.552082,1,3179.69,1258.99,1920.7,0,1,0.25,0.833333,0,0,28,5000,3067.833591,248.870731,0.416667,12
3.319222,0.181818,47.05,0,47.05,0,0.083333,0,0.083333,0,0,1,1900,511.105425,118.437426,1,12
2899.781468,1,223.62,193.94,29.68,507.263645,0.333333,0.25,0.166667,0.083333,2,6,3000,1059.352415,683.372766,0,12
1278.829156,1,0,0,0,2425.727213,0,0,0,0.166667,6,0,4000,445.436177,418.536968,0,12
1368.906278,1,0,0,0,5809.802917,0,0,0,0.166667,8,0,6000,322.580506,419.059837,0,12
1859.165344,1,0,0,0,1543.160715,0,0,0,0.083333,5,0,3500,310.775643,659.586136,0,12
1413.865738,1,313.03,313.03,0,1405.693267,0.25,0.25,0,0.166667,3,4,1800,1467.766461,405.632903,0,12
205.409896,0.909091,0,0,0,1903.840296,0,0,0,0.25,3,0,1500,779.245735,60.582149,0.125,12
2527.531968,1,720.16,720.16,0,4783.105548,0.5,0.5,0,0.416667,15,13,3000,3866.435107,1094.491962,0.090909,12
1022.71734,1,120.09,120.09,0,0,0.083333,0.083333,0,0,0,1,2500,368.7253,410.924268,0,12
3078.059784,1,0,0,0,4403.683518,0,0,0,0.333333,8,0,6000,6043.227704,1183.930323,0.083333,12
91.861479,1,939.51,0,939.51,0,0.916667,0,0.833333,0,0,11,3000,874.020918,180.358798,1,12
27.716642,0.1,0,0,0,480.104401,0,0,0,0.1,1,0,5000,0,,0,10
1030.914048,1,1083.44,1083.44,0,1342.617687,1,1,0,0.333333,5,48,1200,2574.978162,606.739379,0.083333,12
391.755763,1,575.72,400.72,175,0,0.833333,0.416667,0.5,0,0,13,10500,1631.594511,269.311255,0.333333,12
2934.090889,0.875,0,0,0,2710.056224,0,0,0,0.25,2,0,3000,428.467582,694.749539,0,8
1245.654818,0.714286,626.56,626.56,0,1658.285219,0.428571,0.428571,0,0.285714,6,8,2500,249.873228,274.369204,0,7
32.369733,1,326.45,76,250.45,0,0.916667,0.083333,0.75,0,0,12,1000,243.721693,180.646996,0.4,12
1.846916,0.181818,604.32,0,604.32,0,1,0,1,0,0,12,1500,557.734182,12.224702,0,12
392.896462,0.909091,450,450,0,517.197717,0.818182,0.818182,0,0.272727,5,9,500,769.083695,496.215787,0,11
641.317325,1,1099.56,0,1099.56,0,1,0,1,0,0,49,4000,326.68893,193.76002,0,12
40.977812,0.454545,502.92,0,502.92,0,0.416667,0,0.416667,0,0,6,4000,748.302786,177.375481,0.75,12
121.446047,0.909091,1254.46,910.46,344,0,0.583333,0.416667,0.416667,0,0,14,1000,1244.737859,153.924261,0.5,12
16.176672,0.363636,95.55,0,95.55,0,0.25,0,0.25,0,0,3,1000,136.961964,59.907285,0,12
259.217679,0.818182,2844.3,544.3,2300,0,0.666667,0.333333,0.416667,0,0,12,2500,2733.780207,165.185385,0.166667,12
1355.979715,0.727273,51.41,0,51.41,3213.886545,0.083333,0,0.083333,0.25,7,1,3500,384.859732,654.861921,0,12
10.266994,0.818182,141.24,0,141.24,0,1,0,1,0,0,12,3000,121.896355,96.838061,0.2,12
134.62028,0.818182,648.9,648.9,0,295.655611,0.25,0.25,0,0.166667,2,5,1200,468.622826,156.724637,0.25,12
14.773807,0.272727,160,0,160,0,0.181818,0,0.090909,0,0,2,1800,377.03508,210.244734,1,11
23.692271,0.454545,165.57,165.57,0,0,0.166667,0.166667,0,0,0,2,3500,460.205774,117.075212,1,12
23.126579,0.727273,213.95,0,213.95,0,0.583333,0,0.583333,0,0,7,2000,299.511212,120.226935,0.888889,12
888.406678,1,347.7,0,347.7,0,0.75,0,0.75,0,0,9,1000,300.871084,444.166223,0,12
779.549673,1,412.55,0,412.55,214.232874,0.75,0,0.75,0.083333,2,9,4000,1793.396325,207.773791,0.083333,12
3278.982195,1,0,0,0,4431.586287,0,0,0,0.25,3,0,4500,3810.09665,1202.98256,0.083333,12
1356.785114,1,0,0,0,1397.221909,0,0,0,0.75,23,0,2500,461.602976,519.466863,0,12
1301.813081,1,0,0,0,101.766866,0,0,0,0.083333,1,0,1400,401.389799,418.773876,0,12
1857.961278,1,0,0,0,1005.292057,0,0,0,0.333333,13,0,2500,288.461702,814.423515,0,12
131.290079,1,359.44,0,359.44,0,0.666667,0,0.666667,0,0,8,1500,291.577497,165.879808,0.083333,12
916.749476,1,246.82,0,246.82,925.950908,1,0,0.916667,0.166667,8,19,1200,1411.984522,631.508634,0,12
59.831187,0.727273,532.68,0,532.68,39.325487,0.666667,0,0.666667,0.083333,1,8,6000,642.925821,115.36213,0.272727,12
12.65849,0.363636,166.32,0,166.32,0,0.333333,0,0.25,0,0,4,2500,420.051037,220.621064,1,12
1726.035224,1,1065.65,1065.65,0,3004.987382,0.333333,0.333333,0,0.5,18,9,3000,5807.675792,830.737525,0.083333,12
1430.681807,1,1916.04,656.6,1259.44,181.347255,1,0.333333,1,0.166667,2,38,1800,1625.672604,635.438391,0,12
38.915874,1,564,0,564,0,1,0,1,0,0,12,2000,551.4978,179.311685,1,12
955.184754,1,498.96,0,498.96,0,1,0,1,0,0,12,1000,764.604043,785.942834,0,12
5967.47527,0.833333,214.55,0,214.55,8555.409326,0.833333,0,0.666667,0.666667,13,5,9000,966.202912,861.949906,0,6
40.829749,1,113.28,0,113.28,0,1,0,0.833333,0,0,6,1000,94.488828,86.283101,0.25,6
5.871712,0.5,20.9,20.9,0,0,0.166667,0.166667,0,0,0,1,500,58.644883,43.473717,0,6
193.571722,0.833333,1012.73,1012.73,0,0,0.333333,0.333333,0,0,0,2,4000,0,,0,6
28.493517,1,291.12,0,291.12,0,1,0,0.833333,0,0,6,1000,325.594462,48.886365,0.5,6
19.183215,1,300,0,300,0,1,0,0.833333,0,0,6,1000,275.861322,,0,6
23.398673,0.833333,144.4,0,144.4,0,0.833333,0,0.666667,0,0,5,1000,81.270775,82.418369,0.25,6
13.457564,0.833333,0,0,0,36.558778,0,0,0,0.166667,2,0,500,52.549959,55.755628,0.25,6
372.708075,0.666667,1093.25,1093.25,0,127.040008,0.666667,0.666667,0,0.333333,2,23,1200,63.165404,88.288956,0,6
